{
  "fig2": {
    "stellar_history": [
      7.783080866799445,
      7.995163877732793,
      7.995163877732793,
      8.351261092758099,
      8.351261092758099,
      8.351261092758099,
      8.351261092758099,
      8.351261092758099,
      8.351261092758099,
      8.351261092758099,
      8.6935019112149,
      8.6935019112149,
      8.6935019112149,
      8.6935019112149,
      8.6935019112149,
      8.6935019112149,
      8.923329871898527,
      8.923329871898527,
      8.923329871898527,
      9.46748070662543,
      9.46748070662543,
      9.816951901447567,
      9.816951901447567,
      9.816951901447567,
      9.816951901447567,
      10.077554824270045,
      10.077554824270045,
      10.077554824270045,
      10.077554824270045,
      10.077554824270045,
      10.077554824270045,
      10.077554824270045,
      10.077554824270045,
      10.077554824270045,
      10.356594845251418,
      10.436160697554865,
      10.436160697554865,
      10.436160697554865,
      10.436160697554865,
      10.436160697554865,
      10.436160697554865,
      10.436160697554865,
      10.436160697554865,
      10.436160697554865,
      10.436160697554865,
      10.436160697554865,
      10.47524159278472,
      10.47524159278472,
      10.47524159278472,
      10.47524159278472,
      10.47524159278472
    ],
    "ppo_history": [
      5.180133913637291,
      6.7833413793865835,
      6.7833413793865835,
      6.7833413793865835,
      6.7833413793865835,
      6.7833413793865835,
      6.7833413793865835,
      6.7833413793865835,
      6.7833413793865835,
      6.7833413793865835,
      6.7833413793865835,
      6.7833413793865835,
      6.7833413793865835,
      6.7833413793865835,
      6.7833413793865835,
      6.7833413793865835,
      6.7833413793865835,
      6.7833413793865835,
      6.7833413793865835,
      6.7833413793865835,
      6.7833413793865835,
      6.7833413793865835,
      6.7833413793865835,
      6.7833413793865835,
      6.7833413793865835,
      6.7833413793865835,
      6.7833413793865835,
      6.7833413793865835,
      6.7833413793865835,
      6.7833413793865835,
      6.7833413793865835,
      6.7833413793865835,
      6.7833413793865835,
      6.7833413793865835,
      6.7833413793865835,
      6.7833413793865835,
      6.7833413793865835,
      6.7833413793865835,
      6.7833413793865835,
      6.7833413793865835,
      6.7833413793865835,
      6.7833413793865835,
      6.7833413793865835,
      6.7833413793865835,
      6.7833413793865835,
      6.7833413793865835,
      6.7833413793865835,
      6.7833413793865835,
      6.7833413793865835,
      6.7833413793865835,
      6.7833413793865835
    ],
    "rand_history": [
      4.386747277884228,
      8.88007549192295,
      9.43772522589909,
      9.43772522589909,
      9.43772522589909,
      10.932822108822052,
      10.932822108822052,
      10.932822108822052,
      10.932822108822052,
      10.932822108822052,
      10.932822108822052,
      10.932822108822052,
      10.932822108822052,
      10.932822108822052,
      10.932822108822052,
      10.932822108822052,
      10.932822108822052,
      10.932822108822052,
      10.932822108822052,
      10.932822108822052,
      10.932822108822052,
      10.932822108822052,
      10.932822108822052,
      10.932822108822052,
      10.932822108822052,
      10.932822108822052,
      10.932822108822052,
      10.932822108822052,
      10.932822108822052,
      10.932822108822052,
      10.932822108822052,
      10.932822108822052,
      10.932822108822052,
      10.932822108822052,
      10.932822108822052,
      10.932822108822052,
      10.932822108822052,
      10.932822108822052,
      10.932822108822052,
      10.932822108822052,
      10.932822108822052,
      10.932822108822052,
      10.932822108822052,
      10.932822108822052,
      10.932822108822052,
      10.932822108822052,
      10.932822108822052,
      10.932822108822052,
      10.932822108822052,
      10.932822108822052,
      10.932822108822052
    ]
  },
  "fig3a": {
    "K_range": [
      2,
      3,
      4,
      5,
      6
    ],
    "stellar": [
      9.459471335936106,
      9.718051020204612,
      6.52214068888091,
      6.088628217688015,
      6.697100026651409
    ],
    "ppo": [
      5.022682500121171,
      5.453938999480669,
      3.8298120086371163,
      3.9869403071529317,
      4.278526724255603
    ],
    "random": [
      11.380574614860718,
      10.747286741025853,
      7.708020310918056,
      7.544137044976471,
      7.315038589782252
    ]
  },
  "fig3b": {
    "Nt_range": [
      8,
      10,
      12,
      14,
      16
    ],
    "stellar": [
      7.430582115837463,
      8.210388108522087,
      6.52214068888091,
      5.274665173309309,
      8.45820807829218
    ],
    "ppo": [
      4.983725688803806,
      5.781809166724511,
      3.762238976071823,
      3.602301747760407,
      5.927960404356864
    ],
    "random": [
      8.69509627998608,
      9.314018014560908,
      7.708020310918056,
      7.524719246707569,
      10.778107225937811
    ]
  },
  "fig4": {
    "K_range": [
      2,
      3,
      4,
      5,
      6
    ],
    "rsma": [
      9.459471335936106,
      9.718051020204612,
      6.52214068888091,
      6.088628217688015,
      6.697100026651409
    ],
    "sdma": [
      8.542572913546334,
      10.140748395689764,
      9.853261837671042,
      7.4171722584185025,
      5.7218717134873005
    ]
  },
  "fig5": {
    "best": [
      7.783080866799445,
      7.995163877732793,
      7.995163877732793,
      8.351261092758099,
      8.351261092758099,
      8.351261092758099,
      8.351261092758099,
      8.351261092758099,
      8.351261092758099,
      8.351261092758099,
      8.6935019112149,
      8.6935019112149,
      8.6935019112149,
      8.6935019112149,
      8.6935019112149,
      8.6935019112149,
      8.923329871898527,
      8.923329871898527,
      8.923329871898527,
      9.46748070662543,
      9.46748070662543,
      9.816951901447567,
      9.816951901447567,
      9.816951901447567,
      9.816951901447567,
      10.077554824270045,
      10.077554824270045,
      10.077554824270045,
      10.077554824270045,
      10.077554824270045,
      10.077554824270045,
      10.077554824270045,
      10.077554824270045,
      10.077554824270045,
      10.356594845251418,
      10.436160697554865,
      10.436160697554865,
      10.436160697554865,
      10.436160697554865,
      10.436160697554865,
      10.436160697554865,
      10.436160697554865,
      10.436160697554865,
      10.436160697554865,
      10.436160697554865,
      10.436160697554865,
      10.47524159278472,
      10.47524159278472,
      10.47524159278472,
      10.47524159278472,
      10.47524159278472
    ],